message_text_persian,message_text_english,time_est,date,has_media,media_filename,audio_transcription_persian,audio_transcription_persian_v2,audio_transcription_english,ocr_text_persian,ocr_text_english,keywords,screenshots,theme,include_person,AI_generated
"🛑 یه میلیون برکت کرده یا ارزونی اومده ما خبر نداریم؟!

🔻 سخنگوی دولت گفتن:
امکان خرید پوشک با استفاده از کالابرگ فراهم شده!

🆔 @akhbarenfejari","🛑 Did a million blessings happen or did it get cheaper and we don't know?!

🔻 Government spokesperson said:
The possibility of buying diapers using a commodity slip has been provided!

🆔 @akhbarenfejari",2026-02-21 08:41:58 EST,2026-02-21,Y,2026-02-21_036.jpg,,,,,,"commodity slip, government subsidies, diapers, economic policy",,Iranian economy,,No
"مگه قبلی‌ها تاثیری داشت؟!🤨

🔻 مصر قراره هفته بعد میزبان نماینده‌های جنبش حماس، برای مذاکرات جدید باشه.

🔻 هدف این مذاکرات، جلو بردن توافق آتش‌بس در نوار غزه هست.

🆔 @akhbarenfejari","Did the previous ones have any effect?!🤨

🔻 Egypt is planning to host Hamas movement representatives next week for new negotiations.

🔻 The goal of these negotiations is to advance the ceasefire agreement in Gaza Strip.

🆔 @akhbarenfejari",2026-01-07 10:55:00 EST,2026-01-07,Y,2026-01-07_042.jpg,,,,,,"Egypt, Hamas, ceasefire, negotiations, Gaza",,Gaza Genocide,,No
"🛑 باز غلط اضافه

🔺️رویترز ادعا کرد دو نفتکش ایرانی توسط مالزی توقیف شده که ارزش نفت و نفتکش مجموعا ۳۱۰ میلیون دلاره

🆔 @akhbarenfejari","🛑 Again an added mistake 🔺️ Reuters claimed two Iranian oil tankers were seized by Malaysia, with the value of the oil and tanker totaling 310 million dollars.",2026-02-02 08:06:29 EST,2026-02-02,Y,2026-02-02_033.jpg,,,,,,"oil tankers, seizure, sanctions, Malaysia, petroleum exports",,Iranian economy,,No
